endpoint,size_group,samples,success_2xx_or_101,statuses,mean_ms,p50_ms,p95_ms,min_ms,max_ms,avg_request_data_bytes,min_request_data_bytes,max_request_data_bytes,avg_body_bytes,avg_query_bytes,avg_response_bytes
C++ DELETE /api/canvas/{canvasId},fixed,1000,1000,"{""200"": 1000}",27.229529807,42.7913,43.909869,2.882593,45.017137,0.0,0,0,0.0,0.0,59.0
C++ GET /,fixed,1000,1000,"{""200"": 1000}",27.13536231,42.796012,43.865619,2.745172,44.949695,0.0,0,0,0.0,0.0,48.0
C++ GET /api/canvas/active,fixed,1000,1000,"{""200"": 1000}",27.213710982000002,42.802148,43.91117,2.790476,45.773903,0.0,0,0,0.0,0.0,44.0
C++ GET /api/canvas/count,fixed,1000,1000,"{""200"": 1000}",27.19009358,42.814614,43.850635,2.705513,44.97026,0.0,0,0,0.0,0.0,30.0
C++ GET /health,fixed,1000,1000,"{""200"": 1000}",27.143719469,42.758675,43.920595,0.570704,44.975396,0.0,0,0,0.0,0.0,53.0
C++ POST /api/canvas/{canvasId}/users/{userId}/disconnect,fixed,1000,1000,"{""200"": 1000}",27.265254613,42.823257,43.901186,1.167589,45.116203,0.0,0,0,0.0,0.0,62.0
C++ POST /api/users/{userId}/disconnect,fixed,1000,1000,"{""200"": 1000}",27.227591483,42.785237,43.90469,0.701586,45.823798,0.0,0,0,0.0,0.0,50.0
Spring DELETE /api/canvases/{canvasId},fixed,2000,2000,"{""204"": 2000}",57.909631425,57.852961,67.262738,28.078322,236.228235,0.0,0,0,0.0,0.0,0.0
Spring DELETE /api/canvases/{canvasId}/people,fixed,1000,1000,"{""204"": 1000}",40.240751544,40.119635,51.729698,14.05067,66.731272,63.0,63,63,63.0,0.0,0.0
Spring DELETE /api/users/{nickname}/{tagNumber},fixed,2000,2000,"{""204"": 2000}",14.5872431425,13.766317,20.241559,7.282046,31.944501,0.0,0,0,0.0,0.0,0.0
Spring GET /api/auth/health,fixed,1000,1000,"{""200"": 1000}",8.756560726,8.90567,14.930852,2.085823,87.910687,0.0,0,0,0.0,0.0,46.0
Spring GET /api/auth/users,fixed,1000,1000,"{""200"": 1000}",4.271857971,2.599277,9.957951,1.335227,45.072671,0.0,0,0,0.0,0.0,853.0
Spring GET /api/canvases,query=0,250,250,"{""200"": 250}",13.67212998,14.870435,22.114446,4.367745,159.159498,0.0,0,0,0.0,0.0,231.0
Spring GET /api/canvases,query=2048,250,250,"{""200"": 250}",11.118707496,13.164632,20.479588,3.570455,23.472672,2053.0,2053,2053,0.0,2053.0,2.0
Spring GET /api/canvases,query=512,250,250,"{""200"": 250}",9.277274192,10.70437,16.01192,3.061955,29.377802,517.0,517,517,0.0,517.0,2.0
Spring GET /api/canvases,query=64,250,250,"{""200"": 250}",8.704163304,8.873264,14.577032,3.250436,17.799374,69.0,69,69,0.0,69.0,2.0
Spring GET /api/canvases/search,query=0,250,250,"{""200"": 250}",13.306480156,15.914239,18.688559,3.987413,21.863207,0.0,0,0,0.0,0.0,231.0
Spring GET /api/canvases/search,query=2048,250,250,"{""200"": 250}",11.498716356000001,13.217479,18.84737,3.149506,24.156877,2053.0,2053,2053,0.0,2053.0,2.0
Spring GET /api/canvases/search,query=512,250,250,"{""200"": 250}",9.234333704,10.642903,12.931952,2.57248,41.81491,517.0,517,517,0.0,517.0,2.0
Spring GET /api/canvases/search,query=64,250,250,"{""200"": 250}",8.576896588,9.927532,11.644802,2.706755,13.262088,69.0,69,69,0.0,69.0,2.0
Spring GET /api/canvases/{canvasId},fixed,1000,1000,"{""200"": 1000}",5.960860758,7.071235,9.57983,1.564698,178.909106,0.0,0,0,0.0,0.0,124.0
Spring GET /api/canvases/{canvasId}/image,fixed,1000,1000,"{""200"": 1000}",6.009590813,7.332991,9.540343,1.388946,36.169861,0.0,0,0,0.0,0.0,67.0
Spring GET /api/canvases/{canvasId}/settings,fixed,1000,1000,"{""200"": 1000}",8.784131761000001,10.388903,12.596624,2.174554,70.093351,0.0,0,0,0.0,0.0,192.0
Spring GET /api/database/address,fixed,1000,1000,"{""200"": 1000}",4.358709517,4.57561,5.668515,0.783561,10.063616,0.0,0,0,0.0,0.0,120.0
Spring GET /api/load-balancer/allocate/redis,fixed,1000,1000,"{""200"": 1000}",6.121503722000001,6.117718,7.764084,1.142451,28.496846,0.0,0,0,0.0,0.0,75.0
Spring GET /api/load-balancer/allocate/server,fixed,1000,1000,"{""200"": 1000}",33.901130156,48.905218,52.359767,2.006989,77.839486,0.0,0,0,0.0,0.0,91.0
Spring GET /api/load-balancer/database,fixed,1000,1000,"{""200"": 1000}",4.693526638000001,4.812931,6.032044,0.888376,9.802896,0.0,0,0,0.0,0.0,120.0
Spring GET /api/test/cpp-active-canvases,fixed,1000,1000,"{""200"": 1000}",4.718609080999999,5.765817,7.869526,1.00847,45.64644,0.0,0,0,0.0,0.0,44.0
Spring GET /api/test/cpp-canvas-count,fixed,1000,1000,"{""200"": 1000}",3.559109223,2.211749,7.300049,1.011998,17.394135,0.0,0,0,0.0,0.0,30.0
Spring GET /api/users (admin),fixed,1000,1000,"{""200"": 1000}",4.634743362999999,4.329927,8.566119,1.123897,31.489868,0.0,0,0,0.0,0.0,853.0
Spring GET /api/users/{nickname}/{tagNumber},fixed,1000,1000,"{""200"": 1000}",4.84010199,5.89654,8.082927,1.109354,45.125349,0.0,0,0,0.0,0.0,321.0
Spring PATCH /api/canvases/{canvasId}/description,description=0,250,250,"{""204"": 250}",37.102380972,37.279138,50.844808,13.829261,67.394059,18.0,18,18,18.0,0.0,0.0
Spring PATCH /api/canvases/{canvasId}/description,description=1024,250,250,"{""204"": 250}",36.842145832,37.400674,49.720766,13.997497,60.544859,1042.0,1042,1042,1042.0,0.0,0.0
Spring PATCH /api/canvases/{canvasId}/description,description=256,250,250,"{""204"": 250}",36.758311916,37.335261,49.999083,13.869356,59.17459,274.0,274,274,274.0,0.0,0.0
Spring PATCH /api/canvases/{canvasId}/description,description=4000,250,250,"{""204"": 250}",37.26604728,37.800546,51.478273,13.89305,63.681986,4018.0,4018,4018,4018.0,0.0,0.0
Spring PATCH /api/canvases/{canvasId}/name,name=128,250,250,"{""204"": 250}",33.708509344,37.293602,50.550169,14.105975,57.529269,146.0,146,146,146.0,0.0,0.0
Spring PATCH /api/canvases/{canvasId}/name,name=16,250,250,"{""204"": 250}",33.59221852,37.071406,49.163048,13.792273,60.901639,34.0,34,34,34.0,0.0,0.0
Spring PATCH /api/canvases/{canvasId}/name,name=255,250,250,"{""204"": 250}",33.550960855999996,37.381922,49.932693,13.971139,60.363913,273.0,273,273,273.0,0.0,0.0
Spring PATCH /api/canvases/{canvasId}/name,name=64,250,250,"{""204"": 250}",33.7300873,37.449248,49.430018,13.95044,55.289554,82.0,82,82,82.0,0.0,0.0
Spring PATCH /api/canvases/{canvasId}/password,password=24,250,250,"{""204"": 250}",194.643501448,212.450581,223.681996,74.813929,266.592227,46.0,46,46,46.0,0.0,0.0
Spring PATCH /api/canvases/{canvasId}/password,password=48,250,250,"{""204"": 250}",196.116670392,213.257708,224.348706,71.876262,321.242494,70.0,70,70,70.0,0.0,0.0
Spring PATCH /api/canvases/{canvasId}/password,password=64,250,250,"{""204"": 250}",197.276526512,212.554681,222.669992,72.31862,321.552305,86.0,86,86,86.0,0.0,0.0
Spring PATCH /api/canvases/{canvasId}/password,password=8,250,250,"{""204"": 250}",195.29508728000002,211.516331,222.094792,76.210776,307.76737,30.0,30,30,30.0,0.0,0.0
Spring PATCH /api/users/{nickname}/{tagNumber},fixed,1000,1000,"{""200"": 1000}",15.043261697,14.44351,19.836979,11.064359,63.186759,47.0,47,47,47.0,0.0,324.886
Spring POST /api/auth/login,fixed,1000,1000,"{""200"": 1000}",189.564560584,207.674559,214.441448,65.936454,307.653746,73.0,73,73,73.0,0.0,583.0
Spring POST /api/auth/me,fixed,1000,1000,"{""200"": 1000}",5.858910055,6.964328,10.47568,1.254811,35.318125,276.0,276,276,276.0,0.0,272.0
Spring POST /api/auth/signup,fixed,1000,1000,"{""201"": 1000}",176.806943478,202.901866,212.784642,70.702197,284.820565,136.0,136,136,136.0,0.0,324.774
Spring POST /api/canvases [JSON],description=0,250,250,"{""201"": 250}",38.937667696,40.514138,50.297623,19.46443,201.371168,62.0,62,62,62.0,0.0,127.784
Spring POST /api/canvases [JSON],description=1024,250,250,"{""201"": 250}",39.225893876,40.545088,52.891511,19.585496,61.25236,1086.0,1086,1086,1086.0,0.0,1151.8
Spring POST /api/canvases [JSON],description=256,250,250,"{""201"": 250}",38.62516488,40.565417,52.372034,19.58842,66.112554,318.0,318,318,318.0,0.0,383.8
Spring POST /api/canvases [JSON],description=4000,250,250,"{""201"": 250}",38.892431607999995,40.721491,50.396063,19.49211,59.377902,4062.0,4062,4062,4062.0,0.0,4127.808
Spring POST /api/canvases [multipart],description=0,250,250,"{""201"": 250}",38.98454778,39.834136,48.124557,19.570472,93.246879,319.0,319,319,319.0,0.0,130.0
Spring POST /api/canvases [multipart],description=1024,250,250,"{""201"": 250}",39.107241464,39.849761,48.873096,19.537382,58.370393,1343.0,1343,1343,1343.0,0.0,1154.0
Spring POST /api/canvases [multipart],description=256,250,250,"{""201"": 250}",38.932854788,39.787562,48.270842,19.722566,60.204253,575.0,575,575,575.0,0.0,386.0
Spring POST /api/canvases [multipart],description=4000,250,250,"{""201"": 250}",39.165635308,40.511072,48.253773,19.670753,57.629185,4319.0,4319,4319,4319.0,0.0,4130.0
Spring POST /api/canvases/{canvasId}/access,fixed,1000,1000,"{""200"": 1000}",148.657882001,185.095337,192.117158,58.782249,230.863181,79.0,79,79,79.0,0.0,759.0
Spring POST /api/canvases/{canvasId}/people,fixed,1000,1000,"{""204"": 1000}",38.333093962999996,40.094349,51.665331,14.062911,161.840231,63.0,63,63,63.0,0.0,0.0
Spring POST /api/load-balancer/allocate/database,fixed,1000,1000,"{""200"": 1000}",3.87496591,4.440069,6.051524,0.739777,7.36354,0.0,0,0,0.0,0.0,120.0
Spring POST /api/load-balancer/allocate/redis,fixed,1000,1000,"{""200"": 1000}",5.986537403000001,6.076244,7.647968,1.107231,15.259775,0.0,0,0,0.0,0.0,75.0
Spring POST /api/load-balancer/allocate/server,fixed,1000,1000,"{""200"": 1000}",33.50304118,48.741363,51.684018,1.927526,65.422007,0.0,0,0,0.0,0.0,91.0
Spring POST /api/users,fixed,1000,1000,"{""201"": 1000}",161.739244437,190.095048,212.0919,65.449382,259.696319,137.0,137,137,137.0,0.0,325.74
Spring PUT /api/users/{nickname}/{tagNumber},fixed,1000,1000,"{""200"": 1000}",14.938541395,14.540842,20.184202,7.314214,68.307751,45.0,45,45,45.0,0.0,321.786
